{"time/epoch": 3, "_timestamp": 1743559956.4553902, "time/batch": 12, "time/sample": 648, "time/batch_in_epoch": 0, "time/sample_in_epoch": 0, "time/token": 249384, "time/token_in_epoch": 76736, "memory/allocated_mem": 3.1573, "memory/active_mem": 3.2894, "memory/inactive_mem": 1.0957, "memory/reserved_mem": 22.066, "memory/alloc_retries": 0, "trainer/device_train_microbatch_size": 8, "loss/train/total": 1.464879035949707, "_runtime": 207.35112929344177, "_step": 12, "lr-DeepSpeedZeroOptimizer_Stage3/group0": 2.1250000000000004e-06, "time/train": 0.03925540138888889, "time/val": 0.0, "time/total": 0.03925540138888889, "time/remaining_estimate": 0.0, "throughput/batches_per_sec": 0.07932299536829857, "throughput/samples_per_sec": 4.124795759151525, "throughput/device/batches_per_sec": 0.07932299536829857, "throughput/device/samples_per_sec": 4.124795759151525, "throughput/tokens_per_sec": 8447.581714742324, "throughput/device/tokens_per_sec": 8447.581714742324, "_wandb": {"runtime": 205}}