{"time/epoch": 0, "_timestamp": 1744646993.606693, "time/batch": 44, "time/sample": 3520, "time/batch_in_epoch": 44, "time/sample_in_epoch": 3520, "time/token": 3562080, "time/token_in_epoch": 3562080, "memory/allocated_mem": 3.4721, "memory/active_mem": 3.4721, "memory/inactive_mem": 0.14551, "memory/reserved_mem": 27.661, "memory/alloc_retries": 0, "trainer/device_train_microbatch_size": 2, "loss/train/total": 1.7828572988510132, "_runtime": 1605.720754146576, "_step": 44, "lr-DeepSpeedZeroOptimizer_Stage3/group0": 2.5671641791044776e-05, "time/train": 0.42739199388888893, "time/val": 0.0, "time/total": 0.42739199388888893, "time/remaining_estimate": 12.58066907062087, "throughput/batches_per_sec": 0.029082131743987855, "throughput/samples_per_sec": 2.3265705395190284, "throughput/device/batches_per_sec": 0.029082131743987855, "throughput/device/samples_per_sec": 2.3265705395190284}