{"time/epoch": 0, "_timestamp": 1744631822.5238004, "time/batch": 133, "time/sample": 10640, "time/batch_in_epoch": 133, "time/sample_in_epoch": 10640, "time/token": 10756160, "time/token_in_epoch": 10756160, "memory/allocated_mem": 2.8282, "memory/active_mem": 2.8282, "memory/inactive_mem": 0.7537, "memory/reserved_mem": 27.661, "memory/alloc_retries": 0, "trainer/device_train_microbatch_size": 2, "loss/train/total": 1.4682687520980835, "_runtime": 4385.726031303406, "_step": 134, "lr-DeepSpeedZeroOptimizer_Stage3/group0": 7.940298507462687e-05, "time/train": 1.2093569747222221, "time/val": 0.0, "time/total": 1.2093569747222221, "time/remaining_estimate": 10.876449048913509, "throughput/batches_per_sec": 0.03251954854125369, "throughput/samples_per_sec": 2.4812415536976564, "throughput/device/batches_per_sec": 0.03251954854125369, "throughput/device/samples_per_sec": 2.4812415536976564, "_wandb": {"runtime": 9493}}