{"time/epoch": 7, "_timestamp": 1744447177.6974025, "time/batch": 3213, "time/sample": 205219, "time/batch_in_epoch": 399, "time/sample_in_epoch": 25536, "time/token": 209408193, "time/token_in_epoch": 26060160, "memory/allocated_mem": 3.3474, "memory/active_mem": 3.3474, "memory/inactive_mem": 0.041628, "memory/reserved_mem": 33.196, "memory/alloc_retries": 0, "trainer/device_train_microbatch_size": 2, "loss/train/total": 0.22716517746448517, "_runtime": 107450.2074713707, "_step": 3213, "lr-DeepSpeedZeroOptimizer_Stage3/group0": 2.4079601990049756e-05, "time/train": 26.697898149444445, "time/val": 3.121129369166667, "time/total": 29.81902751861111, "time/remaining_estimate": 7.977212738019523, "throughput/batches_per_sec": 0.03291987268094392, "throughput/samples_per_sec": 2.106871851580411, "throughput/device/batches_per_sec": 0.03291987268094392, "throughput/device/samples_per_sec": 2.106871851580411, "metrics/in-domain-standard-q-answer-eval/QA-EM": 0.125, "metrics/in-domain-standard-q-answer-eval/QA-F1": 0.2822923958301544, "metrics/in-domain-standard-q-answer-eval/Hits@1-att": 0.5072000026702881, "metrics/in-domain-standard-q-answer-eval/Hits@10-att": 0.6448000073432922, "metrics/out-of-domain-standard-q-answer-eval/QA-EM": 0.11460000276565552, "metrics/out-of-domain-standard-q-answer-eval/QA-F1": 0.26321646571159363, "metrics/out-of-domain-standard-q-answer-eval/Hits@1-att": 0.0017452007159590721, "metrics/out-of-domain-standard-q-answer-eval/Hits@10-att": 0.020942408591508865}