{"time/epoch": 10, "_timestamp": 1743559645.4400382, "time/batch": 60, "time/sample": 3510, "time/batch_in_epoch": 0, "time/sample_in_epoch": 0, "time/token": 3554673, "time/token_in_epoch": 327296, "memory/allocated_mem": 2.7877, "memory/active_mem": 2.7877, "memory/inactive_mem": 0.039234, "memory/reserved_mem": 33.307, "memory/alloc_retries": 0, "trainer/device_train_microbatch_size": 2, "loss/train/total": 0.22314287722110748, "_runtime": 1835.5471341609955, "_step": 60, "lr-DeepSpeedZeroOptimizer_Stage3/group0": 9.333333333333328e-06, "time/train": 0.4915731672222222, "time/val": 0.0, "time/total": 0.4915731672222222, "time/remaining_estimate": 0.0, "throughput/batches_per_sec": 0.034717478344009484, "throughput/samples_per_sec": 1.9927832569461446, "throughput/device/batches_per_sec": 0.034717478344009484, "throughput/device/samples_per_sec": 1.9927832569461446, "throughput/tokens_per_sec": 4081.220110225704, "throughput/device/tokens_per_sec": 4081.220110225704, "_wandb": {"runtime": 1833}}