{"time/epoch": 1, "_timestamp": 1743556957.9701974, "time/batch": 11, "time/sample": 671, "time/batch_in_epoch": 5, "time/sample_in_epoch": 320, "time/token": 685830, "time/token_in_epoch": 326976, "memory/allocated_mem": 2.7754, "memory/active_mem": 2.7754, "memory/inactive_mem": 0.42488, "memory/reserved_mem": 20.135, "memory/alloc_retries": 0, "trainer/device_train_microbatch_size": 2, "loss/train/total": 1.0489532947540283, "_runtime": 357.7356343269348, "_step": 11, "lr-DeepSpeedZeroOptimizer_Stage3/group0": 7.466666666666667e-05, "time/train": 0.08590400777777778, "time/val": 0.0, "time/total": 0.08590400777777778, "time/remaining_estimate": 0.38233730318148934, "throughput/batches_per_sec": 0.03545820428349433, "throughput/samples_per_sec": 2.152313000008106, "throughput/device/batches_per_sec": 0.03545820428349433, "throughput/device/samples_per_sec": 2.152313000008106, "throughput/tokens_per_sec": 4407.937024016601, "throughput/device/tokens_per_sec": 4407.937024016601}